-69.76319122314453, 153.80282592773438, -64.15148162841797, 144.03468322753906, -73.69816589355469, 86.30392456054688, 92.74183654785156, 136.1895294189453, -123.7208480834961, 151.03480529785156, -73.43518829345703, 137.20025634765625, -84.95298767089844, 144.77816772460938
-73.18614959716797, 157.36265563964844, -97.14195251464844, -171.90145874023438, -108.02031707763672, 94.64944458007812, -99.55747985839844, 96.06291198730469, -137.34701538085938, 28.03499412536621, -102.82506561279297, 140.7740020751953, -91.708740234375, 144.4034423828125
-79.54434204101562, 155.67156982421875, -68.6935043334961, 122.92204284667969, -92.07884216308594, 14.008720397949219, -105.94208526611328, 136.2161102294922, -120.5704345703125, 137.93563842773438, -144.7880859375, 113.67593383789062, -77.0331802368164, 141.2450714111328
-75.81707763671875, 161.94158935546875, -64.66278839111328, 158.93490600585938, -71.60565185546875, -169.94784545898438, -49.62438201904297, 120.18545532226562, -73.05321502685547, 144.80003356933594, -70.98685455322266, 140.73106384277344, -71.65040588378906, 154.07752990722656
-69.36267852783203, 154.37591552734375, -57.18212127685547, 138.04656982421875, -62.350425720214844, -31.172399520874023, -146.84011840820312, 145.81094360351562, -128.75135803222656, 110.54682159423828, -70.28467559814453, 144.0504608154297, -75.49934387207031, 151.0160369873047
-77.271240234375, 158.0918731689453, -62.46903991699219, 157.4070281982422, -57.31013107299805, -37.32041549682617, -161.3584442138672, 151.64405822753906, -82.53410339355469, 178.00511169433594, -122.63723754882812, 147.23751831054688, -79.39363098144531, 136.84423828125
-59.73230743408203, 161.8279571533203, -65.6623306274414, 148.9268035888672, -63.71341323852539, -26.41189193725586, -173.2521209716797, 154.06259155273438, -119.0359878540039, 132.79945373535156, -72.52397155761719, 142.02386474609375, -65.47569274902344, 141.36883544921875
-74.85604095458984, 164.33384704589844, -71.65028381347656, 138.66476440429688, -97.37139129638672, 65.67882537841797, -139.0542755126953, 158.09120178222656, -141.4960479736328, 91.76769256591797, -93.23554229736328, 135.21630859375, -112.91190338134766, 143.06748962402344
-85.3388442993164, 153.27052307128906, -63.502174377441406, 119.50952911376953, -86.72338104248047, 10.965228080749512, -107.62617492675781, 135.18197631835938, -122.79114532470703, 106.57878875732422, -107.18815612792969, 118.76087188720703, -79.5651626586914, 134.78871154785156
-66.72122192382812, 158.12391662597656, -67.08566284179688, 152.6748809814453, -72.40975952148438, -41.333675384521484, -132.7979736328125, 158.18740844726562, -131.49168395996094, 112.43622589111328, -77.92756652832031, 134.2666778564453, -64.8283462524414, 152.902587890625
-57.53329849243164, 155.7726593017578, -70.47127532958984, 146.00299072265625, -85.92928314208984, -11.897293090820312, -96.64903259277344, 150.346923828125, -127.50668334960938, 72.38065338134766, -56.39687728881836, 157.98672485351562, -127.29625701904297, 151.47125244140625
-65.4329605102539, 150.46951293945312, -64.2605972290039, 153.9253692626953, -101.48300170898438, 63.876712799072266, -142.6708526611328, 107.0355453491211, -85.64407348632812, 109.67081451416016, -126.03984069824219, 120.90406036376953, -94.57167053222656, 143.00732421875
-76.91207885742188, 158.1577911376953, -72.24583435058594, 157.58189392089844, -134.75209045410156, 168.4560089111328, 55.85742950439453, 37.80759811401367, -76.51988983154297, 148.45782470703125, -83.26329040527344, 152.74139404296875, -64.51314544677734, 156.71649169921875
-86.21785736083984, 167.914306640625, -64.37382507324219, 146.63113403320312, -73.41629791259766, -32.895179748535156, -142.69949340820312, 160.75259399414062, -120.76332092285156, 138.0548858642578, -85.73589324951172, 149.33413696289062, -75.84754943847656, 148.3575897216797
-66.24592590332031, 150.78990173339844, -61.92634582519531, 153.1246337890625, -64.6108627319336, -39.14887237548828, -148.3072052001953, 174.62498474121094, -117.48844909667969, 154.69552612304688, -69.41242980957031, 143.1365203857422, -75.85038757324219, 131.72755432128906
-71.38019561767578, 133.02833557128906, -97.75997924804688, -4.13341760635376, -137.23721313476562, 153.25379943847656, 92.40470886230469, 3.453660726547241, -104.49528503417969, 94.15332794189453, -113.26969146728516, 164.01416015625, -67.22425079345703, 144.2989959716797
-69.5594711303711, 169.20286560058594, -82.75187683105469, 140.1420440673828, -94.7032470703125, 83.89738464355469, -157.900390625, 128.72067260742188, -136.76329040527344, 107.00993347167969, -126.5640640258789, 142.78038024902344, -85.2808837890625, 156.65216064453125
-61.6280517578125, 160.9352569580078, -77.7128677368164, 138.7012176513672, -77.76583099365234, -14.716207504272461, -120.85193634033203, 111.93004608154297, -117.06655883789062, 75.76061248779297, -58.95252227783203, 159.54408264160156, -99.4416732788086, 154.91188049316406
-67.49051666259766, 156.33287048339844, -66.01139831542969, 147.04136657714844, -73.26231384277344, -24.913787841796875, -160.05857849121094, 139.28192138671875, -116.26970672607422, 125.6129150390625, -74.44847869873047, 144.0718536376953, -66.98058319091797, 152.38381958007812
-70.1633071899414, 157.22763061523438, -75.1408462524414, 132.9387969970703, -78.54214477539062, -4.410199165344238, -86.10389709472656, -62.751461029052734, 24.149757385253906, 92.26827239990234, -73.36151123046875, 150.17478942871094, -89.01133728027344, 147.84228515625
-67.14820098876953, 154.83096313476562, -64.53772735595703, 139.46737670898438, -93.25276184082031, 0.5692390203475952, -124.96187591552734, 32.496742248535156, -62.584388732910156, 145.68505859375, -120.7651596069336, 134.83251953125, -55.907291412353516, 143.1402130126953
-72.05680084228516, 158.05421447753906, -87.89697265625, 135.3337860107422, -62.74049377441406, 161.34371948242188, -54.1026611328125, 135.29893493652344, -86.62251281738281, -175.57530212402344, -59.37407684326172, 142.7473602294922, -56.80039596557617, 151.31204223632812
-75.5121841430664, 160.88429260253906, -59.749000549316406, 138.19325256347656, -79.65058135986328, -15.341194152832031, -113.3662109375, 154.29888916015625, -149.6297607421875, 75.74903106689453, -59.268924713134766, 141.1195831298828, -79.38465881347656, 152.2909393310547
-79.73249053955078, 157.85792541503906, -88.63252258300781, 156.1348419189453, -69.38314819335938, 143.48513793945312, -59.90052795410156, 142.8303680419922, -71.34457397460938, 175.07183837890625, -66.56294250488281, 171.43093872070312, -64.13644409179688, 157.63616943359375
-77.85633087158203, 162.77752685546875, -58.14765548706055, 144.16180419921875, -65.1239242553711, -22.878511428833008, -154.6785888671875, 153.19480895996094, -115.16514587402344, 168.37464904785156, -78.97452545166016, 143.685791015625, -98.55293273925781, 116.43041229248047
-79.84089660644531, 173.5623321533203, -84.06806182861328, 165.09300231933594, -120.21967315673828, 171.33477783203125, 72.85404968261719, 25.988576889038086, -82.68461608886719, 129.5350799560547, -108.9477767944336, 159.07858276367188, -72.75106048583984, 151.68125915527344
-68.61438751220703, 160.18809509277344, -72.4778823852539, 147.4351348876953, -86.78101348876953, -23.203737258911133, -88.09313201904297, 144.76744079589844, -123.0676498413086, 124.19290924072266, -103.91567993164062, 113.79432678222656, -73.33833312988281, 144.0066375732422
-73.7342758178711, 151.3186798095703, -70.16632080078125, 139.3047332763672, -82.78058624267578, 129.9923553466797, -112.86788940429688, 77.53854370117188, -91.82892608642578, -15.8168363571167, -100.77571105957031, 122.93951416015625, -76.90263366699219, 158.2572784423828
-72.0880355834961, 160.36167907714844, -83.94929504394531, 136.49063110351562, -86.3490219116211, -86.94583892822266, 6.831676959991455, 114.73889923095703, -92.60200500488281, 118.42762756347656, -147.77667236328125, 120.99420928955078, -78.51841735839844, 157.33157348632812
-65.2024917602539, 160.5004119873047, -88.70269012451172, 146.52252197265625, -86.36226654052734, 135.00148010253906, -78.26771545410156, 117.40379333496094, -102.92268371582031, -6.749157428741455, -153.1731414794922, 155.50595092773438, -89.40127563476562, 164.6853485107422
-74.93241119384766, 159.69630432128906, -72.2394790649414, 147.29905700683594, -64.7177505493164, 143.18724060058594, -59.45513153076172, 145.5418243408203, -73.32164764404297, 170.6528778076172, -68.42268371582031, 157.5493927001953, -62.448638916015625, 155.6241455078125
-66.16246795654297, 155.79660034179688, -68.58797454833984, 153.35691833496094, -84.54753875732422, -41.664451599121094, -112.32376861572266, 140.89654541015625, -124.51262664794922, 111.98235321044922, -83.62664031982422, 145.4182586669922, -86.2723617553711, 150.20391845703125
-68.13600158691406, 147.8809814453125, -59.85445785522461, 143.40362548828125, -109.49897003173828, 1.6435391902923584, -114.01805114746094, 137.60906982421875, -67.00106048583984, 139.3021240234375, -133.25169372558594, 125.05400085449219, -116.35253143310547, 132.05274963378906
-77.30058288574219, 169.1028594970703, -53.25832748413086, 133.42845153808594, -70.2385482788086, -27.895816802978516, -150.50274658203125, 132.2068634033203, -95.48208618164062, 146.59678649902344, -88.07157897949219, 150.46575927734375, -67.5250473022461, 139.7548065185547
-78.98124694824219, 149.0799102783203, -72.41162109375, 143.71954345703125, -98.89720916748047, 7.820695400238037, -76.6144027709961, 97.96961212158203, -110.22840881347656, 105.67623138427734, -123.92786407470703, 126.41386413574219, -67.76370239257812, 142.86154174804688
-72.52635955810547, 163.7255401611328, -72.68663787841797, 160.3214569091797, -137.1913299560547, 17.65161895751953, -109.09879302978516, 162.98739624023438, -109.84195709228516, 112.57608795166016, -138.04296875, 133.6422119140625, -113.46654510498047, 155.40452575683594
-74.25912475585938, 158.05545043945312, -77.72013854980469, 127.12939453125, -79.35379791259766, -14.948787689208984, -63.202178955078125, 147.6541748046875, -120.98735046386719, 123.00993347167969, -130.67901611328125, 141.11439514160156, -111.13640594482422, 151.1802978515625
-78.49461364746094, 156.87982177734375, -59.38901901245117, 135.73362731933594, -89.04305267333984, -10.37479019165039, -110.6545181274414, 126.39302062988281, -94.84160614013672, 125.40642547607422, -130.03187561035156, 127.88228607177734, -64.41405487060547, 141.35513305664062
-72.173828125, 159.94686889648438, -75.60968780517578, 132.80294799804688, -74.1717529296875, -47.55620574951172, -67.33814239501953, 143.66464233398438, -78.99564361572266, 158.40126037597656, -148.57801818847656, 131.2213897705078, -123.6948471069336, 149.80418395996094
-70.66261291503906, 158.66598510742188, -67.13237762451172, 140.65939331054688, -71.14337158203125, -30.76236343383789, -120.5119400024414, 127.45600128173828, -106.68914031982422, 143.3951873779297, -107.3947525024414, 147.09490966796875, -65.65727996826172, 150.7792510986328
-68.85325622558594, 155.68556213378906, -70.11387634277344, 140.7586669921875, -84.45975494384766, -16.938257217407227, -136.67002868652344, 139.12860107421875, -94.77711486816406, 145.6782684326172, -99.42144012451172, 142.14373779296875, -78.22221374511719, 132.549560546875
-74.38969421386719, 159.5194854736328, -82.43212890625, 143.53965759277344, -81.1878890991211, -9.767707824707031, -61.72728729248047, 128.50257873535156, -116.15568542480469, 116.74581146240234, -127.28868865966797, 142.42459106445312, -88.1195068359375, 138.96888732910156
-110.56437683105469, -169.01112365722656, -108.11713409423828, 159.1344757080078, -102.9502944946289, -1.7636961936950684, -63.90050506591797, 116.01311492919922, -134.42535400390625, 107.76513671875, -145.49285888671875, 124.66901397705078, -63.089515686035156, 163.38330078125
-70.95293426513672, 162.18899536132812, -73.66307067871094, 133.19776916503906, -89.55216979980469, 3.3875513076782227, -79.49443054199219, 124.3599624633789, -74.9150619506836, 125.37255859375, -115.63783264160156, 73.03357696533203, -81.29924774169922, 122.1383285522461
-70.90894317626953, 155.1610870361328, -65.5573501586914, 143.34188842773438, -63.060916900634766, -41.18791580200195, -106.4300537109375, 158.75111389160156, -108.73406982421875, 115.02784729003906, -71.92749786376953, 136.82574462890625, -53.48722839355469, 127.45767211914062
-62.83963394165039, 157.41842651367188, -70.41287231445312, 154.88885498046875, -61.09126281738281, -25.43468475341797, 161.59564208984375, 103.42343139648438, -61.687583923339844, 149.77259826660156, -97.30865478515625, 141.62158203125, -64.71866607666016, 148.79635620117188
-57.937530517578125, 153.1849365234375, -71.11375427246094, 114.806884765625, -73.79447174072266, 18.167238235473633, -115.91755676269531, 113.26229095458984, -59.21769332885742, 145.15872192382812, -103.94165802001953, 146.17503356933594, -135.36463928222656, 129.0103759765625
-61.24383544921875, 151.4603271484375, -63.37165069580078, 136.24948120117188, -90.82032775878906, -13.00267219543457, -135.5633544921875, 53.96391677856445, -65.82097625732422, 132.34376525878906, -93.68384552001953, 142.23428344726562, -81.02854919433594, 162.2328338623047
-66.27129364013672, 155.5564727783203, -69.33153533935547, 150.71795654296875, -73.88701629638672, -78.0754165649414, -79.81697082519531, 143.23228454589844, -126.9646224975586, 111.2500228881836, -78.54347229003906, 141.81582641601562, -88.10557556152344, 153.9163055419922
-64.95567321777344, 161.6397705078125, -75.60903930664062, 150.02174377441406, -63.567935943603516, -69.98326873779297, -95.31861114501953, 148.79957580566406, -137.0744171142578, 93.7894058227539, -80.61011505126953, 143.71258544921875, -70.96587371826172, 161.02813720703125
-87.69898223876953, 163.70211791992188, -59.99686813354492, 145.4818115234375, -71.20128631591797, -42.43691635131836, -119.41596984863281, 122.42268371582031, -87.16222381591797, 145.50576782226562, -64.58610534667969, 148.7886962890625, -92.680908203125, 142.7879180908203
-69.10991668701172, 158.6503143310547, -69.45614624023438, 156.2417449951172, -60.05196762084961, 159.1883087158203, -57.048519134521484, 126.4177017211914, -98.91415405273438, 163.208984375, -52.04454803466797, 145.61805725097656, -67.3477783203125, 173.7082977294922
-70.41346740722656, 162.67245483398438, -73.13874816894531, 129.88833618164062, -84.14311218261719, -4.140896320343018, -106.85923767089844, 108.1112289428711, -135.50172424316406, 111.5234375, -109.01317596435547, 157.97691345214844, -69.3023681640625, 141.92648315429688
-84.9439926147461, 170.21792602539062, -129.32928466796875, 154.18930053710938, -78.75463104248047, 102.9994888305664, -87.99031066894531, 100.32721710205078, -90.61924743652344, -13.937566757202148, -81.19133758544922, 128.37869262695312, -93.6358871459961, 175.27719116210938
-79.6904525756836, 167.17466735839844, -53.290042877197266, 141.12400817871094, -100.8652114868164, 5.127819061279297, -132.63400268554688, 153.79608154296875, -132.3031005859375, 163.13067626953125, -162.1262664794922, 142.8636016845703, -95.12105560302734, 148.990966796875
-75.36066436767578, 160.8839111328125, -78.72657012939453, 135.24581909179688, -88.26808166503906, -12.76303482055664, -76.18830871582031, 133.96713256835938, -146.9859161376953, 137.91683959960938, -149.05624389648438, 132.8227081298828, -73.19788360595703, 166.7598876953125
-80.37442779541016, 167.79559326171875, -109.86216735839844, 154.02130126953125, -76.01331329345703, 134.6183624267578, -86.27976989746094, 123.52946472167969, -107.22125244140625, -33.08426284790039, -106.39698028564453, 133.95016479492188, -76.4251480102539, 161.534423828125
-67.21446228027344, 150.78846740722656, -60.88053512573242, 143.5308380126953, -103.11434936523438, -16.794410705566406, -93.95266723632812, 158.082275390625, -114.80121612548828, 147.0650634765625, -141.0372314453125, 155.58045959472656, -117.49497985839844, 142.1694793701172
-68.56609344482422, 155.54969787597656, -72.39752960205078, 155.12794494628906, -59.522605895996094, 150.0140380859375, -57.85124588012695, 149.04710388183594, -74.27059173583984, 173.49476623535156, -70.51371002197266, 173.03134155273438, -64.012451171875, 146.95054626464844
-67.27672576904297, 160.33798217773438, -81.78791809082031, 149.08238220214844, -76.17347717285156, 135.74925231933594, -64.50264739990234, 144.25343322753906, -100.17047119140625, -168.52928161621094, -63.942569732666016, 147.55877685546875, -63.26353454589844, 162.7147979736328
-113.07767486572266, 145.1745147705078, -97.78620147705078, 176.13607788085938, -58.39286422729492, 149.88516235351562, -56.559242248535156, 138.9409637451172, -78.86934661865234, -36.13205337524414, -165.82122802734375, 140.99203491210938, -68.83773040771484, 161.204833984375
-74.0163803100586, 163.5109405517578, -73.70134735107422, 132.6378173828125, -86.11392211914062, -0.5784456729888916, -79.52377319335938, 121.865478515625, -74.02615356445312, 129.3181610107422, -125.23491668701172, 86.08670806884766, -84.91779327392578, 121.71017456054688
-82.77913665771484, 165.42478942871094, -79.91400146484375, 156.12020874023438, -114.06938171386719, -3.7598397731781006, -87.86344909667969, 157.9134063720703, -122.9810562133789, 158.77333068847656, -150.3776397705078, 160.65086364746094, -119.90650939941406, 141.2329559326172
-69.53985595703125, 155.49386596679688, -62.86393356323242, 152.40997314453125, -82.60355377197266, -15.550821304321289, -161.5066680908203, 131.1058349609375, -111.17496490478516, 124.60550689697266, -76.42037200927734, 142.81524658203125, -65.45291900634766, 145.53915405273438
-67.93843078613281, 151.8367919921875, -56.4937744140625, 136.8534698486328, -59.920108795166016, -31.82513999938965, -148.2895050048828, 146.9501953125, -128.18185424804688, 108.90807342529297, -67.4622573852539, 142.0270538330078, -80.2430648803711, 152.36158752441406
-78.81742858886719, 166.66261291503906, -64.93445587158203, 137.55535888671875, -84.96688079833984, -30.344074249267578, -90.77940368652344, 136.7063446044922, -104.02700805664062, 132.50360107421875, -130.60044860839844, 123.3362808227539, -54.31658172607422, 134.22628784179688
-87.74879455566406, 160.36676025390625, -64.87594604492188, 152.01046752929688, -75.11557006835938, -52.260047912597656, -120.85869598388672, 156.89364624023438, -115.66663360595703, 139.02743530273438, -85.6743392944336, 149.4073486328125, -85.86001586914062, 141.28311157226562
-92.24555969238281, 143.11512756347656, -43.38405227661133, 142.01107788085938, -87.78024291992188, -7.550213813781738, -137.24407958984375, 121.04424285888672, -102.27952575683594, 166.46461486816406, -141.8397674560547, 144.33554077148438, -68.34896850585938, 143.16346740722656
-75.72953033447266, 166.11143493652344, -83.48815155029297, 166.90550231933594, -130.3492889404297, 49.25382995605469, -104.87199401855469, 166.9580535888672, -83.5671157836914, 116.90000915527344, -100.11297607421875, 31.72923469543457, -77.8037109375, 121.8704605102539
-72.5393295288086, 159.07962036132812, -91.66317749023438, 165.0972900390625, 136.41009521484375, -33.30060958862305, -159.9671630859375, 130.02516174316406, -122.28013610839844, 131.6118621826172, -138.06027221679688, 136.62535095214844, -99.63980102539062, 156.49566650390625
-73.50922393798828, 156.62123107910156, -76.4844970703125, 148.4070281982422, -127.44084930419922, 81.72916412353516, -134.21826171875, 129.33297729492188, -64.216796875, 114.72319030761719, -133.2763214111328, 76.03087615966797, -80.62752532958984, 130.87295532226562
-72.69975280761719, 156.18304443359375, -73.06977844238281, 137.2194366455078, -87.53296661376953, -19.44676971435547, -49.416725158691406, 126.21964263916016, -112.8487548828125, 106.93756866455078, -113.53192138671875, 154.96206665039062, -130.67681884765625, 143.98275756835938
-86.73020935058594, 162.671630859375, -79.02204132080078, -172.946533203125, -119.13063049316406, 117.28970336914062, -80.36058044433594, 79.02142333984375, -73.56634521484375, -43.05655288696289, -97.02230072021484, 121.08709716796875, -74.97998046875, 171.67022705078125
-77.14476013183594, 154.36248779296875, -57.0940055847168, 132.41741943359375, -87.61752319335938, -31.380949020385742, -86.83824157714844, 179.14590454101562, -171.02085876464844, 62.50054168701172, -49.79792785644531, 146.43743896484375, -85.8984375, 155.25791931152344
-70.15599822998047, 152.79547119140625, -58.329383850097656, 145.6260528564453, -81.71061706542969, -33.71080017089844, -97.44548034667969, 141.99395751953125, -132.06878662109375, 149.6652374267578, -134.42367553710938, 148.10757446289062, -88.37067413330078, 143.6405487060547
-83.00292205810547, 162.51995849609375, -92.98371124267578, 152.70188903808594, -58.60187530517578, 139.00477600097656, -69.41626739501953, 155.5148162841797, -75.8760757446289, 177.3721466064453, -67.63336944580078, 171.5644073486328, -56.042755126953125, 152.13380432128906
-76.93034362792969, 161.24264526367188, -56.957210540771484, 129.0777587890625, -93.03569030761719, -3.2766194343566895, -132.08958435058594, 58.52847671508789, -54.94129180908203, 139.83383178710938, -128.3179931640625, 131.9095458984375, -60.48627853393555, 153.6815185546875
-76.75931549072266, 156.60877990722656, -75.17193603515625, 143.00355529785156, -115.44957733154297, 95.3550796508789, -147.53094482421875, 136.11679077148438, -74.94996643066406, 127.83849334716797, -126.27152252197266, 68.6357421875, -77.72795867919922, 128.363525390625
-64.3065185546875, 152.02084350585938, -72.62074279785156, 151.38165283203125, -70.13352966308594, 154.46298217773438, -60.68368148803711, 149.5677032470703, -90.40496826171875, 174.5644073486328, -58.715248107910156, 147.00889587402344, -68.08230590820312, 157.04005432128906
-71.55638122558594, 160.9856719970703, -89.31234741210938, 141.92831420898438, -63.01824188232422, 131.19949340820312, -66.47924041748047, 148.3284149169922, -109.44280242919922, -59.430992126464844, -146.1509246826172, 142.78302001953125, -70.2728042602539, 170.35194396972656
-74.84156799316406, 169.88673400878906, -98.96844482421875, 136.92559814453125, -69.9561767578125, 145.29298400878906, -71.39508056640625, -97.93458557128906, -116.6390609741211, 23.109519958496094, -60.759708404541016, 144.33753967285156, -108.60342407226562, 139.2384490966797
-73.61193084716797, 159.14576721191406, -74.4039306640625, 151.80027770996094, -87.67140197753906, -30.303043365478516, -112.44718170166016, 149.02716064453125, -156.19358825683594, 168.25814819335938, -137.50816345214844, 135.9043426513672, -68.69751739501953, 163.38388061523438
-71.06451416015625, 150.14242553710938, -62.61357879638672, 147.06204223632812, -102.95736694335938, -5.064459323883057, -115.64112854003906, 143.16310119628906, -140.47885131835938, 143.67398071289062, -143.5198516845703, 128.34378051757812, -65.19823455810547, 172.79037475585938
-75.5473861694336, 164.11534118652344, -79.02162170410156, 127.2974624633789, -85.41410064697266, 9.201459884643555, -115.84193420410156, 138.9938507080078, -114.98259735107422, 142.951904296875, -135.12368774414062, 122.35609436035156, -73.4806137084961, 157.3582763671875
-77.61878204345703, 163.59434509277344, -60.87157440185547, 136.95289611816406, -93.07041931152344, -19.16780662536621, -98.42765045166016, 133.57810974121094, -116.78980255126953, 127.99177551269531, -122.44970703125, 128.05496215820312, -53.37363052368164, 134.84503173828125
-69.96562957763672, 158.4082794189453, -69.22156524658203, 141.21897888183594, -90.66460418701172, -9.428338050842285, -103.1567153930664, 144.21054077148438, -126.04222106933594, 92.2572250366211, -74.52450561523438, 154.48716735839844, -121.6946792602539, 141.69898986816406
-72.41891479492188, 167.96041870117188, -84.41399383544922, 118.95215606689453, -66.10127258300781, -16.400203704833984, -89.1043472290039, 128.7133331298828, -119.36817169189453, 152.17994689941406, -139.0435333251953, 128.36904907226562, -59.93379592895508, 145.18072509765625
-67.30970764160156, 162.6205596923828, -88.49850463867188, 141.5513458251953, -92.42487335205078, -4.159535884857178, -65.37394714355469, 121.5846176147461, -76.91078186035156, 133.3565673828125, -122.18256378173828, 81.89229583740234, -80.37310028076172, 123.91023254394531
-114.90715789794922, 146.14002990722656, -99.89702606201172, 172.8723907470703, -57.95528793334961, 149.68824768066406, -54.90519714355469, 141.18185424804688, -72.54679107666016, -44.58591079711914, -159.53372192382812, 145.8119354248047, -67.30677032470703, 160.68157958984375
-77.85911560058594, 159.55715942382812, -56.32804489135742, 129.82064819335938, -94.86344146728516, -16.479000091552734, -79.09916687011719, 122.11726379394531, -114.89188385009766, 165.54672241210938, -174.32400512695312, 155.60910034179688, -112.8019790649414, 154.1066436767578
-74.3001480102539, 157.58551025390625, -78.67765045166016, 117.4702377319336, -62.07929611206055, -60.04732131958008, -76.67265319824219, 128.00381469726562, -113.20582580566406, 158.1315460205078, -118.56376647949219, 137.65357971191406, -66.61321258544922, 147.33270263671875
-73.646728515625, 157.81007385253906, -78.08831787109375, 127.26856994628906, -85.03555297851562, -7.591531753540039, -102.32270812988281, 121.52713775634766, -125.56800079345703, 105.36542510986328, -63.268028259277344, 143.59970092773438, -81.8960952758789, 147.2336883544922
-62.74945831298828, 152.67926025390625, -68.96749877929688, 149.7842254638672, -89.62809753417969, 80.80208587646484, -116.9542465209961, 125.29351043701172, -123.20975494384766, 0.75718092918396, -69.0933609008789, 137.61044311523438, -111.6021728515625, 149.93194580078125
-75.32592010498047, 156.4575653076172, -55.30436706542969, 132.40943908691406, -77.29814910888672, -8.723031997680664, -114.5605239868164, 175.07485961914062, -102.57601165771484, 144.71328735351562, -106.13958740234375, 124.39283752441406, -115.89903259277344, 124.67558288574219
-76.36180877685547, 158.59246826171875, -66.27093505859375, 142.15724182128906, -81.0736312866211, -5.387943267822266, -131.56179809570312, 146.20364379882812, -127.21906280517578, 114.59005737304688, -83.10639190673828, 125.36754608154297, -77.47996520996094, 145.54150390625
-82.42620086669922, 161.2808380126953, -74.81844329833984, 139.96652221679688, -117.13350677490234, 16.159502029418945, -130.63983154296875, 36.59016036987305, -71.91163635253906, 129.01853942871094, -94.12487030029297, 155.81468200683594, -65.74056243896484, 155.7192840576172
-70.33451843261719, 158.31353759765625, -79.90440368652344, 126.26738739013672, -78.92095947265625, -15.380154609680176, -65.74300384521484, 143.40342712402344, -118.82781982421875, 130.18251037597656, -133.58657836914062, 142.4503631591797, -113.82505798339844, 149.60877990722656
-64.76263427734375, 161.75621032714844, -70.91156005859375, 142.2786865234375, -94.64244842529297, 5.0138373374938965, -111.92127990722656, 176.87782287597656, -130.16712951660156, 106.26214599609375, -84.96708679199219, 159.51849365234375, -149.9010772705078, 141.04501342773438
-75.67398834228516, 156.15916442871094, -79.0434341430664, 154.5687713623047, -56.23533630371094, 141.86924743652344, -61.12810134887695, 136.4063262939453, -70.44058227539062, 159.14610290527344, -68.34471130371094, 170.40333557128906, -57.47932052612305, 148.41151428222656
-77.08857727050781, 165.36859130859375, -67.46906280517578, 133.72250366210938, -93.56111907958984, 163.5281524658203, 53.20631408691406, 40.71110534667969, -68.26060485839844, 133.45570373535156, -91.29499816894531, 148.93251037597656, -72.97737884521484, 153.65066528320312
-76.99674224853516, 163.55841064453125, -90.21144104003906, 122.81690979003906, -77.14681243896484, -2.840073347091675, -100.78556060791016, 122.03094482421875, -110.38008880615234, 134.991455078125, -113.66416931152344, 124.73090362548828, -60.8734245300293, 141.5931854248047
-81.05364227294922, 148.4479522705078, -62.356258392333984, 149.82998657226562, -112.24921417236328, 29.02210807800293, -130.77037048339844, 129.94989013671875, -120.48434448242188, 84.71267700195312, -78.35499572753906, 161.96337890625, -114.5213394165039, 144.63414001464844
-82.28392791748047, 166.87966918945312, -59.983890533447266, 132.88742065429688, -85.12200927734375, -3.6857306957244873, -141.00308227539062, 69.66055297851562, -77.6001968383789, 148.68553161621094, -115.14247131347656, 143.23568725585938, -73.85811614990234, 151.55682373046875
-65.54583740234375, 150.3399658203125, -62.957984924316406, 143.4042205810547, -110.4591064453125, 3.9048497676849365, -106.84441375732422, 156.69203186035156, -112.65982818603516, 147.3224334716797, -146.56915283203125, 127.94065856933594, -92.1944580078125, 138.2698516845703
-79.94017791748047, 169.02203369140625, -107.12954711914062, 120.38810729980469, -71.10798645019531, 122.5120620727539, -58.17776107788086, 143.73480224609375, -98.42940521240234, -35.49338150024414, -129.5728302001953, 172.01876831054688, -105.83094787597656, 145.87779235839844
-83.82205200195312, 155.26690673828125, -63.14140319824219, 161.70745849609375, -60.601009368896484, -171.5908203125, -52.034263610839844, 130.81298828125, -70.53976440429688, 159.28932189941406, -101.30345153808594, 149.2220458984375, -66.86763000488281, 142.52618408203125
-71.88311004638672, 151.12948608398438, -58.823883056640625, 145.94979858398438, -82.31559753417969, 84.46058654785156, -72.26598358154297, 142.33787536621094, -130.2216339111328, -39.98027420043945, -81.97151184082031, 146.5489959716797, -112.10651397705078, 159.23345947265625
-73.42283630371094, 160.7332763671875, -63.35007858276367, 148.41815185546875, -83.46581268310547, -35.0599250793457, -113.09930419921875, 133.9955596923828, -126.43759155273438, 127.15709686279297, -102.5650405883789, 151.54931640625, -86.84268951416016, 143.249755859375
-72.61769104003906, 161.6119842529297, -66.66825866699219, 158.7002716064453, -67.19920349121094, -53.16034698486328, -135.30819702148438, 150.78607177734375, -80.83464813232422, 151.55479431152344, -84.75650787353516, 146.78582763671875, -71.1963882446289, 133.6914825439453
-76.00830841064453, 165.7788848876953, -64.73458099365234, 131.8414306640625, -90.93466186523438, -9.353052139282227, -101.56434631347656, 134.73048400878906, -109.7978286743164, 139.04547119140625, -141.6356201171875, 125.31283569335938, -56.57836151123047, 140.88803100585938
-74.29975891113281, 161.04490661621094, -70.05509948730469, 156.45555114746094, -93.16901397705078, -14.812664985656738, -74.37915802001953, 157.76370239257812, -70.85529327392578, 132.95306396484375, -119.7896499633789, 102.42916107177734, -130.5306396484375, 151.98374938964844
-71.13134002685547, 164.30746459960938, -74.95748901367188, 172.03846740722656, -76.21952056884766, -179.13633728027344, -50.444541931152344, 123.48617553710938, -69.11318969726562, 149.87098693847656, -77.69135284423828, 136.893310546875, -55.50951385498047, 142.99986267089844
-71.48760986328125, 157.98533630371094, -67.12995910644531, 158.5546112060547, -89.4850082397461, -16.83397102355957, -124.91504669189453, 149.8804931640625, -140.49325561523438, 144.2213897705078, -119.10462188720703, 161.53221130371094, -98.6754150390625, 127.18636322021484
-73.7861099243164, 158.92507934570312, -77.95140838623047, 137.67185974121094, -65.33687591552734, -59.085609436035156, -125.73968505859375, 174.976318359375, 175.1554718017578, 120.8305435180664, -61.89999008178711, 163.7820281982422, -72.61591339111328, 154.6357879638672
-83.66985321044922, 158.0386962890625, -66.71589660644531, 133.39260864257812, -104.41641235351562, -7.087231159210205, -88.2430648803711, 146.5789337158203, -88.9525375366211, 122.4118423461914, -123.69548034667969, 111.42203521728516, -83.09197998046875, 140.91375732421875
-66.63765716552734, 157.0297088623047, -78.34425354003906, 129.6168670654297, -72.59143829345703, -19.146337509155273, -100.43460845947266, 132.99420166015625, -117.45325469970703, 107.00965118408203, -70.02339935302734, 161.13531494140625, -121.05779266357422, 133.99098205566406
-73.07852935791016, 155.2823028564453, -72.27625274658203, 154.05551147460938, -75.30419158935547, -14.345586776733398, -81.6161880493164, 97.5260009765625, -85.62657165527344, 138.63299560546875, -76.20204162597656, 122.66539001464844, -127.2021484375, 113.60506439208984
-66.4896469116211, 153.56687927246094, -87.70547485351562, 148.84518432617188, -152.2521209716797, 141.42823791503906, -79.1585693359375, 172.88955688476562, -122.53273010253906, 121.16714477539062, -97.36190795898438, 142.35687255859375, -74.49817657470703, 166.60719299316406
-76.07524871826172, 170.489013671875, -102.42003631591797, 126.27146911621094, -86.15145874023438, 118.79342651367188, -121.5786361694336, 107.19470977783203, -77.93172454833984, -27.45494270324707, -67.21715545654297, 136.50833129882812, -95.52285766601562, 172.0206298828125
-85.10234832763672, 156.71749877929688, -68.97294616699219, 136.66441345214844, -104.69542694091797, 5.5195631980896, -130.2307586669922, 41.29246139526367, -57.19953155517578, 127.48494720458984, -95.38004302978516, 159.53341674804688, -67.86400604248047, 135.6396942138672
-70.76023864746094, 160.57211303710938, -76.2309799194336, 164.87326049804688, -135.27049255371094, 116.44609069824219, -106.44876861572266, 105.20426177978516, -81.88387298583984, -14.364429473876953, -91.61479187011719, 121.95124816894531, -65.74686431884766, 165.23487854003906
-88.1443099975586, 161.3083953857422, -74.16283416748047, 130.90374755859375, -104.17035675048828, -4.41787576675415, -81.5838623046875, 122.35730743408203, -77.54257202148438, 125.94914245605469, -127.29934692382812, 103.06378936767578, -69.1858901977539, 138.99281311035156
-67.40049743652344, 155.80828857421875, -75.55162811279297, 143.7508544921875, -110.14894104003906, 12.059521675109863, -138.18833923339844, 62.282440185546875, -80.80138397216797, 162.9604034423828, -144.20416259765625, 151.04197692871094, -85.20936584472656, 145.77041625976562
-72.88610076904297, 156.7700958251953, -50.58292007446289, 137.19744873046875, -71.1624755859375, -34.19174575805664, -138.05833435058594, 114.7387466430664, -87.86212921142578, 133.0970916748047, -77.53496551513672, 135.95875549316406, -91.38939666748047, 139.16299438476562
-77.72312927246094, 167.1942138671875, -91.73209381103516, 132.27468872070312, -34.87075424194336, -54.19321823120117, -103.20967102050781, 151.76768493652344, -135.4730682373047, 160.666259765625, -125.57823181152344, 149.2235870361328, -85.94749450683594, 159.10098266601562
-71.83423614501953, 170.95924377441406, -66.58440399169922, 164.39590454101562, -77.25121307373047, -32.41373825073242, -138.05345153808594, 160.5603485107422, -91.72283935546875, 169.55340576171875, -89.70992279052734, 130.69821166992188, -83.25634765625, 119.92377471923828
-88.57024383544922, 174.25030517578125, -78.46302032470703, 131.10398864746094, -92.5692138671875, -19.434036254882812, -97.78628540039062, 111.83476257324219, -116.86414337158203, 146.51922607421875, -135.4954833984375, 137.49105834960938, -63.87096405029297, 153.31271362304688
-72.68313598632812, 161.59884643554688, -64.78634643554688, 137.56683349609375, -98.88484954833984, -11.08249568939209, -98.1880111694336, 135.87840270996094, -104.98103332519531, 141.86892700195312, -143.16079711914062, 123.62715148925781, -52.251529693603516, 131.73114013671875
-51.21353530883789, 172.85183715820312, -95.30416107177734, 138.4635467529297, -84.03024291992188, -14.40322494506836, -77.32148742675781, 119.69137573242188, -60.201026916503906, 128.2063751220703, -139.30270385742188, 105.96732330322266, -107.046142578125, 140.6304168701172
-68.10498046875, 152.24630737304688, -65.72039794921875, 139.41053771972656, -95.76898956298828, -20.100786209106445, -124.482421875, 64.20523834228516, -79.16177368164062, 119.87503814697266, -81.8940658569336, 141.52761840820312, -76.6451416015625, 157.0033721923828
-86.86683654785156, 171.1190643310547, -132.9912567138672, 160.06956481933594, -84.57353210449219, 108.38846588134766, -92.61360168457031, 92.38778686523438, -78.81011199951172, -12.671257972717285, -86.3597412109375, 131.2144012451172, -94.78575897216797, 172.79275512695312
-90.2203140258789, 174.88247680664062, -66.4061508178711, 143.96429443359375, -92.18660736083984, -5.163308620452881, -108.44056701660156, 129.2061309814453, -127.33845520019531, 146.28855895996094, -149.62722778320312, 144.40252685546875, -84.28456115722656, 150.35617065429688
-76.32316589355469, 149.4134063720703, -62.907508850097656, 141.1277618408203, -50.70574188232422, -46.93244934082031, -121.84306335449219, 155.7594451904297, -94.54344940185547, 157.66539001464844, -79.69049835205078, 148.56752014160156, -96.50370025634766, 113.52784729003906
-81.31138610839844, 155.52383422851562, -68.35725402832031, 142.06324768066406, -112.33746337890625, 18.87852668762207, -115.45425415039062, 139.6898956298828, -71.72335052490234, 148.27549743652344, -137.6818084716797, 127.31427764892578, -119.40007019042969, 136.208984375
-71.22968292236328, 170.5313262939453, -70.90636444091797, 141.3468780517578, -60.28607177734375, -26.129425048828125, -152.47238159179688, 149.41111755371094, -110.8680419921875, 164.42025756835938, -75.93405151367188, 141.7505340576172, -97.9050521850586, 120.55615997314453
-70.2126235961914, 160.76904296875, -83.33252716064453, 148.6294403076172, -104.18060302734375, 108.02953338623047, -163.34576416015625, 96.09932708740234, -80.86054992675781, 85.1159896850586, -103.889404296875, 117.06922149658203, -76.54843139648438, 149.14450073242188
-74.7201156616211, 155.97483825683594, -60.634117126464844, 127.15638732910156, -83.18898010253906, -15.67262077331543, -95.1456527709961, 142.05316162109375, -108.29180145263672, 137.6834259033203, -141.7238006591797, 158.37301635742188, -134.9744110107422, 145.04754638671875
-69.12115478515625, 154.1051483154297, -65.1005630493164, 146.05001831054688, -66.15015411376953, -42.28387451171875, -123.55794525146484, 129.14193725585938, -85.3401870727539, 143.4584503173828, -63.916259765625, 154.5757598876953, -97.11072540283203, 138.5072021484375
-84.07564544677734, 161.89976501464844, -85.94823455810547, 155.86549377441406, -79.59908294677734, 118.57861328125, -90.120849609375, 98.52149200439453, -103.6774673461914, -22.873863220214844, -100.86675262451172, 121.7765884399414, -71.95146942138672, 169.17367553710938
-52.42616271972656, 138.40521240234375, -66.40506744384766, 149.7118377685547, -65.58174133300781, -29.06218147277832, -148.71255493164062, 171.9028778076172, -122.12603759765625, 149.9195098876953, -57.08966827392578, 143.17921447753906, -80.57307434082031, 126.76355743408203
-76.59552764892578, 163.2119903564453, -75.37991333007812, 147.4195556640625, -93.23617553710938, -46.07820510864258, -44.79773712158203, 123.60075378417969, -96.29939270019531, 131.79644775390625, -131.55111694335938, 145.64443969726562, -118.26691436767578, 146.70111083984375
-62.00970458984375, 153.36105346679688, -54.626853942871094, 149.18885803222656, -76.00926208496094, -33.11591720581055, -138.93057250976562, 154.62701416015625, -139.93536376953125, 118.35572814941406, -88.7178955078125, 144.2476043701172, -68.75234985351562, 149.77207946777344
-96.50273895263672, 154.6160430908203, -90.96768951416016, 170.49855041503906, -75.05974578857422, -99.13837432861328, 57.69929885864258, 108.7066650390625, -97.9310531616211, 127.19780731201172, -117.3110122680664, 83.85538482666016, -78.18412780761719, 130.0224151611328
-82.25322723388672, 163.9200897216797, -58.841697692871094, 147.57017517089844, -63.42811965942383, -40.19084167480469, -157.6954803466797, 158.86903381347656, -100.00862121582031, -164.71685791015625, -138.1242218017578, 154.00515747070312, -72.08551788330078, 142.227294921875
-67.77080535888672, 163.12318420410156, -64.76665496826172, 154.09677124023438, -72.93177032470703, -18.241790771484375, -175.8531494140625, 155.1250762939453, -121.97612762451172, 128.69439697265625, -67.00163269042969, 146.19094848632812, -67.60247039794922, 144.49037170410156
-74.39736938476562, 152.92747497558594, -70.30435180664062, 141.9972686767578, -79.3449935913086, 125.85472106933594, -94.70368194580078, 123.31352233886719, -108.12584686279297, -69.38824462890625, -82.01666259765625, 143.03125, -84.33318328857422, 172.30084228515625
-72.62188720703125, 152.3052978515625, -71.9343490600586, 161.03958129882812, -96.20967864990234, 133.44969177246094, -68.92088317871094, 134.4021759033203, -92.50448608398438, -37.849205017089844, -156.5547332763672, 163.9683837890625, -89.5248794555664, 164.12567138671875
-76.7049789428711, 151.11309814453125, -70.60739135742188, 136.37098693847656, -89.60396575927734, 4.404155254364014, -86.91761779785156, 139.11476135253906, -137.772216796875, 119.13343048095703, -145.1263885498047, 115.87998962402344, -57.77683639526367, 146.54666137695312
-67.69225311279297, 153.17774963378906, -68.072509765625, 129.9107666015625, -81.087646484375, -4.599043846130371, -125.24468994140625, 156.27549743652344, -161.62631225585938, 149.1036376953125, -126.82246398925781, 135.69549560546875, -62.96372985839844, 152.90476989746094
-68.34017181396484, 158.6719207763672, -83.78015899658203, 123.61766815185547, -71.85784912109375, -19.293502807617188, -95.12068939208984, 123.75021362304688, -128.64862060546875, 139.4870147705078, -113.02729034423828, 145.8732452392578, -68.81848907470703, 145.2810821533203
-91.11705780029297, 173.4728240966797, -135.41632080078125, 159.93380737304688, -88.1297607421875, 111.61886596679688, -100.63256072998047, 100.02232360839844, -94.08870697021484, -7.958281993865967, -75.13593292236328, 126.47234344482422, -89.47822570800781, 173.08261108398438
-66.49632263183594, 154.86810302734375, -68.82401275634766, 164.71022033691406, -65.00269317626953, 161.52505493164062, -52.580833435058594, 128.96633911132812, -71.76179504394531, 164.63389587402344, -86.09855651855469, 144.0727996826172, -73.73419189453125, 145.68479919433594
-72.4965591430664, 158.1132354736328, -66.62860107421875, 154.40281677246094, -89.68329620361328, -19.51709747314453, -127.67247772216797, 141.5587921142578, -135.93692016601562, 98.62063598632812, -76.08735656738281, 140.8824005126953, -73.99452209472656, 155.18202209472656
-74.24726867675781, 159.51890563964844, -69.63841247558594, 127.36185455322266, -59.2568359375, -57.08452606201172, -85.51415252685547, 129.7916717529297, -74.9785385131836, 150.89700317382812, -84.18355560302734, 111.74542999267578, -101.59909057617188, 120.37298583984375
-60.7952766418457, 165.20510864257812, -70.200927734375, 148.54368591308594, -63.26651382446289, -21.124727249145508, -178.50067138671875, 147.6053924560547, -112.95388793945312, 128.21522521972656, -70.89838409423828, 141.98309326171875, -65.822998046875, 144.2765350341797
-69.54182434082031, 151.41563415527344, -66.0198745727539, 133.7259521484375, -68.04887390136719, -36.42438507080078, -135.3791046142578, 150.67892456054688, -137.665771484375, 139.72268676757812, -107.71635437011719, 142.8462677001953, -78.27950286865234, 157.10182189941406
-71.8753433227539, 155.74107360839844, -72.27774810791016, 142.66018676757812, -78.67164611816406, -41.5089225769043, -90.05973052978516, 152.33816528320312, -162.85134887695312, 164.22647094726562, -144.4062042236328, 136.6031494140625, -63.58827590942383, 140.81939697265625
-88.98171997070312, 164.1128692626953, -56.49553680419922, 126.78382873535156, -80.95216369628906, -3.3132803440093994, -139.23873901367188, 144.8052215576172, -130.93429565429688, -171.87278747558594, -109.16059112548828, 145.13209533691406, -93.05845642089844, 109.99220275878906
-62.506195068359375, 152.72193908691406, -77.43780517578125, 128.748291015625, -72.8224105834961, -71.51039123535156, -36.935420989990234, 143.192138671875, -100.4264907836914, 136.54820251464844, -132.114990234375, 106.31173706054688, -77.47399139404297, 142.79193115234375
-73.56715393066406, 159.26962280273438, -57.95340347290039, 157.55955505371094, -85.87910461425781, 167.01234436035156, -66.64483642578125, 131.96839904785156, -128.15176391601562, 149.36248779296875, -57.55519104003906, 139.23731994628906, -52.02687072753906, 159.70582580566406
-100.72503662109375, 167.88978576660156, -66.2686767578125, 142.5934295654297, -64.12651824951172, -38.10306167602539, -136.0132293701172, 137.41639709472656, -101.54761505126953, -165.83445739746094, -100.54252624511719, 130.29005432128906, -79.84162902832031, 114.37882995605469
-90.1964340209961, 155.15464782714844, -72.4749984741211, 135.6840362548828, -63.88700866699219, -38.451263427734375, -112.64776611328125, 134.50221252441406, -122.6119613647461, 172.41049194335938, -136.2601776123047, 138.07083129882812, -61.5902214050293, 135.75262451171875
-88.79450225830078, 163.6204071044922, -51.4654426574707, 126.16033935546875, -72.66536712646484, -13.46519947052002, -138.18405151367188, 119.59964752197266, -102.96184539794922, 117.7059097290039, -44.21517562866211, 142.9982147216797, -96.47647857666016, 119.42913818359375
-62.356082916259766, 152.21327209472656, -57.73080062866211, 138.67311096191406, -52.22137451171875, -38.57615661621094, -149.49087524414062, 137.85385131835938, -99.35041809082031, 143.51614379882812, -85.9157485961914, 137.5919647216797, -82.27095031738281, 140.3629150390625
-64.51061248779297, 159.49053955078125, -69.85694122314453, 146.738037109375, -89.27306365966797, -14.612631797790527, -116.04569244384766, 128.73089599609375, -132.9305419921875, 98.16696166992188, -77.67127990722656, 138.4385986328125, -76.6671371459961, 148.2251434326172
-73.57892608642578, 159.0425567626953, -75.89899444580078, 142.53872680664062, -86.41311645507812, -29.93071174621582, -63.834224700927734, 113.42964172363281, -113.49385070800781, 120.43704223632812, -100.9656753540039, 144.153076171875, -80.68620300292969, 140.44387817382812
-108.521240234375, 148.3209686279297, -103.7214126586914, 179.00811767578125, -63.226383209228516, 152.63961791992188, -59.18987274169922, 136.69932556152344, -73.09374237060547, -41.05521011352539, -155.2640380859375, 150.89820861816406, -79.4887466430664, 162.29469299316406
